"Parameter","Value"
"µ (overall mean)",0.000156038702486561
"α₁ (Strategy A)",0.000145574712255701
