"","Df","Sum Sq","Mean Sq","F value","Pr(>F)"
"Strategy   ",1,5.29799921208254e-07,5.29799921208254e-07,7.27836686806825,0.00821840752033714
"Residuals  ",98,7.13352228865994e-06,7.27910437618361e-08,NA,NA
