"Strategy","N(Buy)","Buy > 0","Buy (average)"
"A",50,32,8.32513463587107e-05
"B",50,42,0.000228826058614412
