"Df","Sum Sq","Mean Sq","F value","Pr(>F)"
99,6.35349718471056e-07,6.41767392395007e-09,NA,NA
