"Mon_mean","Mon_sd","Tue_mean","Tue_sd","Wed_mean","Wed_sd","Thu_mean","Thu_sd","Fri_mean","Fri_sd"
0.000105014526537374,8.01103858681886e-05,0.000105375457251982,0.000220040999161755,0.000193956603602958,0.000101982767114614,9.75200664642859e-05,9.41427274136951e-05,0.000205418530121893,0.000246195905500325
