"fit","lwr","upr"
4191.19026011074,3495.58607872483,4886.79444149665
