"term","estimate","std.error","statistic","p.value"
"(Intercept)",-1.7701558852996e-05,0.00011353678001113,-0.155910347741593,0.876145531060828
"mktrf",-0.0707356504865712,0.00777637055759505,-9.09622939939312,8.22035910973919e-19
"smb",-0.103877751796902,0.0171480006799016,-6.05771796584147,2.18088880488796e-09
"hml",0.226836905102235,0.012216614853319,18.5679018145201,1.22642269268653e-63
