"alpha","std_error","t_value","p_value"
-1.7701558852996e-05,0.00011353678001113,-0.155910347741593,0.876145531060828
