"coefficient","std_error","t_value","p_value"
0.000688106986163994,0.00440983362622741,0.156039217006168,0.876002259055558
