"term","estimate","std.error","statistic","p.value"
"(Intercept)",-0.000633233473966151,3.98481710288784e-05,-15.8911552931059,7.87664435352284e-57
"mktrf",0.00175556809869517,0.00283235852578644,0.61982552092614,0.535373336901003
"smb",-0.000103682526373965,0.00575071800286992,-0.0180294923733388,0.98561534284393
"hml",0.000688106986163994,0.00440983362622741,0.156039217006168,0.876002259055558
