"Df","Sum Sq","Mean Sq","F value","Pr(>F)"
2,2.3783830290228e-05,1.1891915145114e-05,0.0795187736675906,0.923563805620242
1869,0.279506189307301,0.000149548522903853,NA,NA
