"Strategy","Mean","SD","N"
"B",-0.000192500333420658,0.0145535646393447,624
"M",-2.85146439386254e-06,0.010999772214859,624
"W",-0.000271450605998191,0.0107631006787631,624
