"","Df","Sum Sq","Mean Sq","F value","Pr(>F)"
"Strategy   ",1,1.11750157117834e-06,1.11750157117834e-06,0.0110801653701544,0.916177555711701
"Year       ",5,0.00136508159353229,0.000273016318706458,2.70699034170358,0.0191056372297084
"Month      ",11,0.00349804506883767,0.000318004097167061,3.15304969216493,0.00030218972996879
"Residuals  ",2126,0.214419935168534,0.000100856037238257,NA,NA
