"Strategy","Mean","SD","N"
"return_Close",-0.000175896579967222,0.0101426376601997,1072
"return_HClose",-0.00013023597341185,0.0100932150859806,1072
