"Daily_IRR","Annual_IRR"
7.82100043915504e-05,0.0289568636727491
